fold,best_val_accuracy
1,0.8186613321304321
2,0.8050529956817627
3,0.8170261979103088
