{
  "accuracy": 0.8031927986216112,
  "precision": 0.5391084945332212,
  "recall": 0.8087052515376124,
  "f1_score": 0.646943796126916,
  "confusion_matrix": [
    [
      17714,
      4384
    ],
    [
      1213,
      5128
    ]
  ],
  "classification_report": {
    "0": {
      "precision": 0.9359116605906905,
      "recall": 0.8016110055208616,
      "f1-score": 0.8635709932967702,
      "support": 22098.0
    },
    "1": {
      "precision": 0.5391084945332212,
      "recall": 0.8087052515376124,
      "f1-score": 0.646943796126916,
      "support": 6341.0
    },
    "accuracy": 0.8031927986216112,
    "macro avg": {
      "precision": 0.7375100775619559,
      "recall": 0.8051581285292371,
      "f1-score": 0.755257394711843,
      "support": 28439.0
    },
    "weighted avg": {
      "precision": 0.8474370702052897,
      "recall": 0.8031927986216112,
      "f1-score": 0.8152699610082212,
      "support": 28439.0
    }
  }
}